<?xml version="1.0" encoding="UTF-8"?>
<project-private xmlns="http://www.netbeans.org/ns/project-private/1">
    <editor-bookmarks xmlns="http://www.netbeans.org/ns/editor-bookmarks/2" lastBookmarkId="0"/>
    <open-files xmlns="http://www.netbeans.org/ns/projectui-open-files/2">
        <group>
            <file>file:/C:/Users/knafi/Documents/NetBeansProjects/review/src/review/substraction.java</file>
            <file>file:/C:/Users/knafi/Documents/NetBeansProjects/review/src/review/comparispon.java</file>
            <file>file:/C:/Users/knafi/Documents/NetBeansProjects/review/src/review/decrement.java</file>
            <file>file:/C:/Users/knafi/Documents/NetBeansProjects/review/src/review/increament.java</file>
            <file>file:/C:/Users/knafi/Documents/NetBeansProjects/review/src/review/addition.java</file>
            <file>file:/C:/Users/knafi/Documents/NetBeansProjects/review/src/review/division.java</file>
            <file>file:/C:/Users/knafi/Documents/NetBeansProjects/review/src/review/Review.java</file>
            <file>file:/C:/Users/knafi/Documents/NetBeansProjects/review/src/review/multiplication.java</file>
        </group>
    </open-files>
</project-private>
